{
	"output_file": "settings.json",

	"btnreadme": {
		"type": "button",
		"label": "open readme",
		"tooltip": "read this!",
		"wsevent": "",
		"function": "OpenReadme",
		"group": ""
	},

	"EnableDebug": {
		"type": "checkbox",
		"value": false,
		"label": "Enable Debug",
		"tooltip": "Enable or disable debug logs",
		"group": "Global Settings"
	},
	"AHKExePath": {
		"type": "textbox",
		"value": "",
		"label": "AutoHotkey Executable Path",
		"tooltip": "Enter the local path to the AutoHotkey executable. This is necessary if using use the AutoHotkey reward type and arguments need to be passed to script.",
		"group": "Global Settings"
	},

	"TwitchClientId": {
		"type": "textbox",
		"value": "",
		"label": "Twitch Client Id",
		"tooltip": "Enter the client id of your application at dev.twitch.com. See readme for more information.",
		"group": "Twitch Auth - KEEP HIDDEN"
	},
	"TwitchClientSecret": {
		"type": "textbox",
		"value": "",
		"label": "Twitch Client Secret",
		"tooltip": "Enter the client secret of your application at dev.twitch.com. See readme for more information.",
		"group": "Twitch Auth - KEEP HIDDEN"
	},
	"TwitchRedirectUrl": {
		"type": "textbox",
		"value": "https://et-twitch-auth.com/",
		"label": "Twitch Auth Redirect URL",
		"tooltip": "This is where you will be redirected after getting an auth code. This should match the redirect url in dev.twitch application settings.",
		"group": "Twitch Auth - KEEP HIDDEN"
	},
	"TwitchAuthCode": {
		"type": "textbox",
		"value": "",
		"label": "Twitch Auth Code",
		"tooltip": "Enter an Auth Code that allows the bot to read channel point redemptions on the channel being watched.",
		"group": "Twitch Auth - KEEP HIDDEN"
	},
	"btnGetToken": {
		"type": "button",
		"label": "Get Token",
		"tooltip": "Generate an Auth Code for the watched twitch account with permissions to read channel point redemptions.",
		"wsevent": "",
		"function": "GetToken",
		"group": "Twitch Auth - KEEP HIDDEN"
	},
	"btnDeleteSavedTokens": {
		"type": "button",
		"label": "Delete Saved Tokens",
		"tooltip": "Clear out saved tokens so that a new Authorization Code can be used.",
		"wsevent": "",
		"function": "DeleteSavedTokens",
		"group": "Twitch Auth - KEEP HIDDEN"
	},
	"btnRefreshTokens": {
		"type": "button",
		"label": "Refresh Saved Tokens",
		"tooltip": "Manually trigger a refresh of access token using refresh token..",
		"wsevent": "",
		"function": "RefreshTokens",
		"group": "Twitch Auth - KEEP HIDDEN"
	},


	"btnRewardHeader1": {
		"type": "button",
		"label": "V Reward 1 Settings V",
		"tooltip": "blah",
		"wsevent": "",
		"function": "",
		"group": " "
	},
	"RewardName1": {
		"type": "textbox",
		"value": "",
		"label": "Title of Twitch Reward",
		"tooltip": "Specify the name of the Twitch Reward that will trigger this event when detected.",
		"group": " "
	},
	"RewardType1": {
		"type": "dropdown",
		"label": "Reward Type",
		"value": "Alert - Gif and/or SFX",
		"tooltip": "Select the type of reward. Then match the associated number with the below inputs that can be used.",
		"items": [
			"Alert - Gif and/or SFX",
			"Countdown Overlay",
			"Timeout User",
			"Convert Channel Points to Currency",
			"AutoHotkey"
		],
		"group": "Reward 1 - Mandatory Settings"
	},
	"RewardActivationType1": {
		"type": "dropdown",
		"label": "Activation Point",
		"value": "Immediate",
		"tooltip": "Set whether the reward should be triggered immediately on reward redemption by viewer, or when the reward is accepted/rejected from the reward queue. Note: twitch currently doesn't return a way to distinguish between Accept or Reject so Reject will still trigger the reward.",
		"items": [
			"Immediate",
			"On Reward Queue Accept/Reject"
		],
		"group": "Reward 1 - Mandatory Settings"
	},


	"AlertMediaPath1": {
		"type": "textbox",
		"value": "",
		"label": "Alert Path to Image/Gif File",
		"tooltip": "Specify the path to the Image/Gif to trigger.",
		"group": "Reward 1 - Alert Settings"
	},
	"AlertText1": {
		"type": "textbox",
		"value": "",
		"label": "Alert Text",
		"tooltip": "Text to be displayed with the alert.",
		"group": "Reward 1 - Alert Settings"
	},
	"AlertSFXPath1": {
		"type": "textbox",
		"value": "",
		"label": "Alert Path to SFX File",
		"tooltip": "Specify the path to the SFX effect to trigger.",
		"group": "Reward 1 - Alert Settings"
	},
	"AlertSFXVolume1": {
		"type": "slider",
		"label": "Reward 1 - Alert SFX Volume",
		"value": 100,
		"min": 0,
		"max": 100,
		"ticks": 1,
		"tooltip": "Specify the volume to the SFX effect to trigger.",
		"group": "Reward 1 - Alert Settings"
	},
	"AlertSFXDelay1": {
		"type": "numberbox",
		"label": "Alert SFX Delay in Seconds",
		"value": 10,
		"tooltip": "Specify the number of seconds to wait before attempting to play next SFX in queue after starting to play this SFX.",
		"group": "Reward 1 - Alert Settings"
	},


	"CountdownTitle1": {
		"type": "textbox",
		"label": "Countdown Title",
		"value": "Countdown 1",
		"tooltip": "Title to be displayed on countdown overlay.",
		"group": "Reward 1 - Countdown Settings"
	},
	"CountdownLength1": {
		"type": "numberbox",
		"label": "Time in Seconds to Add to Countdown",
		"value": 600,
		"tooltip": "Set the amount of time in seconds to add to the timer.",
		"group": "Reward 1 - Countdown Settings"
	},
	"ResetCommand1": {
		"type": "textbox",
		"label": "Command Name for Resetting Countdown",
		"value": "!reset1",
		"tooltip": "Set the command name that can be used by moderator+ to reset timer to closest countdown multiple or by a specific amount of seconds.",
		"group": "Reward 1 - Countdown Settings"
	},
	"RedeemedSFXPath1": {
		"type": "textbox",
		"value": "",
		"label": "Path to SFX at Redemption File",
		"tooltip": "Specify the path to the SFX effect to trigger immediately at reward redemption.",
		"group": "Reward 1 - Countdown Settings"
	},
	"RedeemedSFXVolume1": {
		"type": "slider",
		"label": "Reward 1 - Countdown Settings",
		"value": 100,
		"min": 0,
		"max": 100,
		"ticks": 1,
		"tooltip": "Specify the volume to the SFX effect to trigger immediately at reward redemption.",
		"group": "Reward 1 - Countdown Settings"
	},
	"RedeemedSFXDelay1": {
		"type": "numberbox",
		"label": "SFX at Redemption Delay in Seconds",
		"value": 10,
		"tooltip": "Specify the number of seconds to wait before attempting to play next SFX in queue after starting to play this SFX.",
		"group": "Reward 1 - Countdown Settings"
	},
	"FinishedSFXPath1": {
		"type": "textbox",
		"value": "",
		"label": "Path to SFX at Finish File",
		"tooltip": "Specify the path to the SFX effect to trigger at the end of the countdown.",
		"group": "Reward 1 - Countdown Settings"
	},
	"FinishedSFXVolume1": {
		"type": "slider",
		"label": "SFX at Finish Volume",
		"value": 100,
		"min": 0,
		"max": 100,
		"ticks": 1,
		"tooltip": "Specify the volume to the SFX effect to trigger at the end of the countdown.",
		"group": "Reward 1 - Countdown Settings"
	},


	"TimeoutType1": {
		"type": "dropdown",
		"label": "Timeout Type",
		"value": "Fixed",
		"tooltip": "Fixed.",
		"items": [
			"Fixed",
			"Reward Redeemer",
			"Reward Message"
		],
		"group": "Reward 1 - Timeout User Settings"
	},
	"TimeoutFixedUser1": {
		"type": "textbox",
		"value": "",
		"label": "Fixed Username to Timeout",
		"tooltip": "If timeout type is set to Fixed this will be the user that is timed out.",
		"group": "Reward 1 - Timeout User Settings"
	},
	"TimeoutDuration1": {
		"type": "numberbox",
		"label": "Timeout Duration",
		"value": 10,
		"tooltip": "Specify the number of seconds to timeout user.",
		"group": "Reward 1 - Timeout User Settings"
	},


	"UseRewardCost1": {
		"type": "checkbox",
		"value": true,
		"label": "Use Reward Amount",
		"tooltip": "If set to true it will assign currency to user equal to reward cost.",
		"group": "Reward 1 - Currency Exchange Settings"
	},
	"CurrencyAmount1": {
		"type": "numberbox",
		"label": "Currency Amount",
		"value": 10,
		"tooltip": "Set the amount of currency to give to user on redemption.",
		"group": "Reward 1 - Currency Exchange Settings"
	},


	"AHKPath1": {
		"type": "textbox",
		"value": "",
		"label": "Path to AutoHotkey script",
		"tooltip": "Specify the path to the AutoHotKey script to trigger.",
		"group": "Reward 1 - AutoHotkey Settings"
	},
	"AHKArguments1": {
		"type": "textbox",
		"value": "{username}, {message}, {rewardtitle}, {rewardcost}, {timestamp}",
		"label": "Arguments to Pass to AutoHotkey Script",
		"tooltip": "Enter a comma separated list of arguments to pass to script. {username}, {message}, {rewardtitle}, {rewardcost}, {timestamp} can be used to get user and reward info to pass into script.",
		"group": "Reward 1 - AutoHotkey Settings"
	},
	"AHKDelay1": {
		"type": "numberbox",
		"label": "AutoHotkey Delay in Seconds",
		"value": 10,
		"tooltip": "Specify the number of seconds to wait before attempting to process next reward.",
		"group": "Reward 1 - AutoHotkey Settings"
	},

	"btnRewardHeader2": {
		"type": "button",
		"label": "V Reward 2 Settings V",
		"tooltip": "blah",
		"wsevent": "",
		"function": "",
		"group": "  "
	}
}